,ANO,COMBUSTÍVEL,Jan,Fev,Mar,Abr,Mai,Jun,Jul,Ago,Set,Out,Nov,Dez,TOTAL
0,2000,ETANOL HIDRATADO (m3),450152.863,583328.481,2167973.332,835344.64,593678.364,641816.14,497277.526,500268.298,655871.159,556870.424,395395.327,453688.579,875510.647
1,2000,GASOLINA C (m3),2664999.835,2032035.142,2953926.358,4063912.866,2683043.499,3654477.836,8770024.878,3489481.709,3023515.158,4080850.654,2355971.336,2355985.289,3132160.262
2,2000,GASOLINA DE AVIAÇÃO (m3),7137.909000000001,30563.559999999998,8828.282,9102.074,13256.111,9881.747,15699.948,12858.213,8478.489,6842.802,8182.629,8358.065,12689.403
3,2000,GLP (m3),2230953.6963636354,1375322.218181819,1414390.5327272736,1982592.770909091,1434977.84,1225385.9872727275,1888598.4472727268,2347165.145454542,1503341.1072727263,1946227.689090909,4522000.696363632,1960134.530909092,1734926.952727273
4,2000,QUEROSENE DE AVIAÇÃO (m3),654038.592,468740.32,502720.102,957130.728,2182040.061,516092.632,412625.66,551758.301,415054.017,390966.218,591587.558,653352.6980000001,369257.12899999996
5,2000,QUEROSENE ILUMINANTE (m3),13742.071,12986.463,16605.509000000002,23262.92,20637.499,28800.671000000002,25893.698,16987.125,24216.809,56982.48300000001,25042.639,17646.776,27134.773
6,2000,ÓLEO COMBUSTÍVEL (m3),1404970.0061224482,860800.4418367351,945863.124489796,1568375.845918367,2116434.2408163296,1907269.2234693887,1706579.7928571433,4152478.777551018,1422204.9408163258,1070781.797959184,1286780.0408163262,821286.4663265306,908374.6500000004
7,2000,ÓLEO DIESEL (m3),6220375.069,4478045.604,5695768.958,4028390.816,4662528.579,4923804.843,4175850.38,3445028.657,5179020.521,7100668.122,4571043.386,4832404.927,10989598.440000001
8,2001,ETANOL HIDRATADO (m3),656560.988,340912.30700000003,443768.593,1618469.789,706796.9160000001,456850.60000000003,497823.015,367043.449,358815.745,479888.656,417151.243,302390.761,357514.93
9,2001,GASOLINA C (m3),3092128.895,2662320.188,2013468.301,2851769.306,3956855.103,2541489.0810000002,3479132.661,8771591.219,3374273.108,2939846.1010000003,4005578.7709999997,2348550.431,2385000.187
10,2001,GASOLINA DE AVIAÇÃO (m3),10556.584,6819.099,32377.615,8546.902,8274.556,12949.986,9982.052,13274.98,10046.834,6748.258,6039.8949999999995,8006.092000000001,8040.117
11,2001,GLP (m3),1592624.392727274,2188845.6963636368,1361334.7527272727,1403931.6890909097,1984324.316363636,1437148.5636363635,1211220.1145454552,1920524.4636363632,2383944.027272729,1505431.3581818182,1934775.8036363637,4539560.081818184,1942652.4236363634
12,2001,QUEROSENE DE AVIAÇÃO (m3),440688.19,734240.776,501023.898,494438.287,1033858.973,2502331.5670000003,558682.078,471347.39900000003,635327.452,472191.828,449894.305,633086.46,709393.965
13,2001,QUEROSENE ILUMINANTE (m3),34840.456,16267.491999999998,18801.284,19374.989999999998,13992.003,18865.936,25801.641,43716.309,28038.267,38024.852,93003.365,29596.305,23011.239999999998
14,2001,ÓLEO COMBUSTÍVEL (m3),828085.5663265303,1238701.4285714275,777156.6459183678,798583.8612244896,1488971.1806122446,2045389.914285713,1638570.3581632657,1524133.9163265314,3663081.9459183645,1223393.7540816332,1022504.6224489799,1145902.5122448974,791304.9040816323
15,2001,ÓLEO DIESEL (m3),11875712.891999999,6579827.802999999,4608635.9059999995,6026032.299000001,4226411.527,4800824.711,5185584.766,4353798.348999999,3615308.718,5512398.4,7313902.186,4861394.318,5089974.073
16,2002,ETANOL HIDRATADO (m3),402295.37,727140.244,340982.58400000003,445744.891,1901344.5990000002,658994.03,451729.761,496547.632,399697.969,413377.037,526190.413,466945.892,352769.334
17,2002,GASOLINA C (m3),2412183.113,3128327.788,2727387.611,2019313.736,2915765.445,4119435.846,2560933.392,3794787.923,8544530.419,3411975.339,3102813.7830000003,4091788.902,2391270.799
18,2002,GASOLINA DE AVIAÇÃO (m3),7028.605,8172.386,5627.366,22535.865999999998,9009.007,8107.375999999999,12785.296,9907.134,14145.955,10367.674,6261.656,4685.534,8050.429
19,2002,GLP (m3),1882610.7236363636,1512103.3145454542,2112102.3309090906,1301150.6981818178,1324374.1145454543,1869846.203636364,1375990.5799999998,1151763.250909091,1819757.5581818179,2346756.579999999,1447773.1763636367,1881163.6927272729,4304022.387272732
20,2002,QUEROSENE DE AVIAÇÃO (m3),661466.031,355383.20399999997,725904.3489999999,461101.01900000003,498614.88,940275.5809999999,2213641.038,542260.574,431827.192,587591.167,460028.213,409698.386,584957.286
21,2002,QUEROSENE ILUMINANTE (m3),22792.642,28787.214,18532.397,14346.403,21641.517,20036.913,17646.141,25313.913,38238.798,20548.686,38703.546,108016.605,27060.479
22,2002,ÓLEO COMBUSTÍVEL (m3),645585.1071428573,683960.20612245,1051110.6653061216,660856.443877551,592298.7857142856,1258441.2438775513,1650839.5591836749,1578582.025510204,1123504.9428571428,2908831.579591841,1143328.1755102042,825634.080612245,999019.1846938774
23,2002,ÓLEO DIESEL (m3),5183937.749,12078511.43,6777882.2639999995,4841701.537,6104272.956,4322710.732,5050248.189,5304309.701,4361213.932,3656512.189,5412122.201,7450804.117,4792468.041
24,2003,ETANOL HIDRATADO (m3),272772.576,322584.467,632079.383,334582.121,456946.871,1611643.533,639564.824,405574.091,411157.53,324632.154,311943.851,399589.649,367573.48600000003
25,2003,GASOLINA C (m3),2277711.166,2330785.9099999997,3042351.356,2669898.687,1983244.395,2879944.7049999996,3990327.716,2560650.697,3554456.889,8073319.528,3387602.858,2988963.136,3842048.201
26,2003,GASOLINA DE AVIAÇÃO (m3),7613.333,6828.9349999999995,7589.403,7442.456,15881.477,9800.041,5845.242,9804.909,9529.57,16119.15,9768.58,6435.255,5135.2429999999995
27,2003,GLP (m3),4012540.038181817,1770429.5727272723,1414233.2199999995,1967236.24,1207643.1818181814,1248533.6036363645,1754385.8581818182,1276821.5454545447,1076784.9854545456,1724265.5363636373,2208668.6381818177,1360351.2181818183,1850279.4054545462
28,2003,QUEROSENE DE AVIAÇÃO (m3),495447.385,612564.012,343710.724,657017.7829999999,419042.848,426009.864,817103.6,2083301.5760000001,450239.392,364750.34500000003,518428.235,410732.546,346455.574
29,2003,QUEROSENE ILUMINANTE (m3),24521.652000000002,21216.054,24773.958,19496.018,15045.959,15353.060000000001,12198.844000000001,15879.778,26237.973,41624.32,14037.648,22196.317,102205.33499999999
30,2003,ÓLEO COMBUSTÍVEL (m3),802746.1734693883,526644.1520408161,546193.945918367,815717.5326530609,560414.8234693876,566663.5581632653,1285860.0244897953,1280563.294897959,1424152.9887755096,688439.3387755099,2241947.932653057,976241.7602040827,685126.4418367343
31,2003,ÓLEO DIESEL (m3),4764209.348,5145002.073,11625415.029000001,6680999.777,4710748.684,5854108.077,4218906.507,5048292.084,5140367.534,4309966.383,3567128.928,5318020.798,7323341.9520000005
32,2004,ETANOL HIDRATADO (m3),486792.133,370183.978,446865.43100000004,774144.213,431792.858,507107.626,2533769.4110000003,855003.287,514791.556,581692.684,456715.426,463707.946,603285.541
33,2004,GASOLINA C (m3),4214048.353,2491880.49,2500090.199,3294329.0100000002,2859792.366,2093210.963,3119407.733,4289818.602,2644985.489,3718458.68,8210223.765,3625624.402,3285887.1520000002
34,2004,GASOLINA DE AVIAÇÃO (m3),5823.497,9084.748,6967.889,7529.874,6026.92,18033.121,10733.063,5814.758,12118.704,8283.552,14898.706,10574.296,6965.006
35,2004,GLP (m3),1884254.8054545452,4052117.3672727267,1822122.6236363633,1446253.1327272735,2027826.483636363,1253245.2927272723,1290032.558181818,1805924.0654545464,1306367.7200000007,1099078.0818181813,1777362.892727272,2255814.6127272765,1395915.632727272
36,2004,QUEROSENE DE AVIAÇÃO (m3),375774.599,525326.014,640320.662,369307.248,703965.54,437790.107,470476.209,890971.527,2162840.178,457209.584,393263.566,557188.78,434368.41599999997
37,2004,QUEROSENE ILUMINANTE (m3),47121.727999999996,17450.732,12842.306,18161.498,19408.496,8160.144,10460.519,13855.172999999999,11255.974,16129.502,28191.28,12406.334,16565.97
38,2004,ÓLEO COMBUSTÍVEL (m3),626937.472448979,706009.7153061221,434533.80000000016,451737.37244898,778092.870408163,485408.7928571435,458390.83469387726,1216468.6785714286,1167405.725510204,1243097.2969387758,559563.8653061232,1889565.6765306112,807451.3683673479
39,2004,ÓLEO DIESEL (m3),7963721.927,5069024.7870000005,5288508.528000001,12182113.658000002,7021026.2360000005,4982246.781,6243673.4799999995,4544448.574,5472840.438,5478857.065,4546582.174,3770839.493,5887466.091
40,2005,ETANOL HIDRATADO (m3),609920.699,479824.30700000003,416926.97000000003,505387.174,763213.527,462974.26900000003,594034.02,2605715.942,852203.679,532673.731,574691.537,457678.48799999995,479201.39499999996
41,2005,GASOLINA C (m3),3345336.973,4196846.417,2502983.69,2576771.732,3386432.5519999997,2860104.52,2159368.147,3178111.847,4349681.66,2708804.917,3633613.161,8451900.790000001,3757023.704
42,2005,GASOLINA DE AVIAÇÃO (m3),6138.093,4935.206,7276.642,6576.328,7827.557000000001,6058.57,20720.240999999998,8425.45,5603.619,8546.322,7496.898,12119.873000000001,9202.609
43,2005,GLP (m3),1406605.958181818,1874996.8545454536,3964773.065454549,1839434.4418181814,1446610.3109090906,2006902.9181818182,1235844.6018181823,1279700.096363635,1791693.2781818171,1300359.0072727269,1098608.0854545452,1778440.3109090906,2253213.085454546
44,2005,QUEROSENE DE AVIAÇÃO (m3),454931.912,393561.501,549571.607,650001.6410000001,392857.341,710430.141,479560.126,476903.62799999997,979411.3089999999,2281745.253,489948.70499999996,406834.869,593192.959
45,2005,QUEROSENE ILUMINANTE (m3),6759.854,15304.31,11097.497,13428.615000000002,10895.292,7485.979,5528.496,7089.738,4783.905,4984.367,9882.451000000001,13886.241999999998,6411.3820000000005
46,2005,ÓLEO COMBUSTÍVEL (m3),797235.7683673468,607736.6897959181,685356.6489795921,444411.031632653,448468.3897959186,777766.0071428564,470486.74591836706,440129.06836734735,1149568.5071428567,1176866.942857142,1408988.2714285718,529490.2163265308,1537945.1877551028
47,2005,ÓLEO DIESEL (m3),5989020.414,8078808.219,5103936.523,5354755.862,12133540.316000002,7021956.733,5048101.496,5995135.23,4430748.052,5214686.04,5567182.825,4593493.379,3802944.315
48,2006,ETANOL HIDRATADO (m3),598429.918,815355.2640000001,627668.3030000001,550565.841,651976.006,890174.485,608489.703,803823.636,3975916.2490000003,972684.643,674092.445,665776.419,538152.72
49,2006,GASOLINA C (m3),3751951.285,3526809.836,4243542.686,2556912.5840000003,2628751.299,3384736.063,2950738.212,2200870.347,3254162.6780000003,4516192.89,2810593.1939999997,3606537.159,8583468.725
50,2006,GASOLINA DE AVIAÇÃO (m3),8200.856,5061.78,4730.8949999999995,7046.633,6426.601,6575.446,5820.559,21579.322,9247.03,5887.504,8050.177000000001,6908.4310000000005,8989.142
51,2006,GLP (m3),2254608.789090906,1440302.825454546,1870102.916363637,3987415.2381818183,1855537.5963636362,1452057.2745454542,2036201.8109090915,1262107.5599999996,1314562.445454546,1836464.2109090902,1328152.9836363636,1123432.7090909097,1805315.5236363644
52,2006,QUEROSENE DE AVIAÇÃO (m3),634871.465,466817.944,416400.385,562507.82,635359.059,375748.565,726547.176,489582.94299999997,484226.79199999996,974536.532,2197135.823,528348.318,439841.246
53,2006,QUEROSENE ILUMINANTE (m3),3663.836,4056.0440000000003,9218.991,7776.16,11062.321,9095.015,4129.202,4285.552,5349.927,3504.009,4435.405,7650.487,10245.491
54,2006,ÓLEO COMBUSTÍVEL (m3),1159060.497959184,738020.7418367348,579905.5938775508,678788.0275510201,455949.5785714287,450848.13877551025,780407.2979591837,460138.7653061224,446905.0897959185,1371157.7744897956,1058043.2918367346,1642200.3418367342,431812.45408163284
55,2006,ÓLEO DIESEL (m3),3705778.285,5840132.036,8206376.692,5282589.917,5301998.149,12075772.26,6991470.473999999,4984755.074,6067836.522,4347360.912,5025611.274,5593622.75,4593490.647
56,2007,ETANOL HIDRATADO (m3),881196.3652457551,890998.53764111,1283789.2204149063,966738.6322239696,823401.6876554694,984102.5563820848,1436850.337192001,958993.5763779465,1238880.973431539,5908621.789629504,1397580.173332144,916897.1414343159,1045620.4130392602
57,2007,GASOLINA C (m3),8746253.865555704,3794444.344711346,3428134.7905955208,4342783.197570115,2564248.9597929777,2624985.9786948045,3409033.516364926,3010214.311565413,2247908.6460558954,3258770.8888649005,4695050.6555071585,2903408.124406505,3625659.984314734
58,2007,GASOLINA DE AVIAÇÃO (m3),12157.221944215235,9495.508745228362,5946.3671690312885,5274.559627801941,7309.772861300548,7155.499920560754,7148.997285305044,5789.865901219038,15534.047373533891,8985.632762717987,6271.277690753495,9875.48231249107,8543.272405841373
59,2007,GLP (m3),1867568.687741404,2262973.347236047,1487294.5950316796,1957387.6980740288,4021908.3849081737,1906298.9021805446,1485661.7725582458,2084260.707369142,1276127.7560546522,1338862.4075128343,1872059.976093046,1363071.0756774002,1144886.3018816432
60,2007,QUEROSENE DE AVIAÇÃO (m3),461986.996,659862.8389999999,503455.472,448625.042,626610.3099999999,715788.842,433861.257,796416.09,552463.965,551699.1479999999,1110745.3569999998,2367201.813,552476.379
61,2007,QUEROSENE ILUMINANTE (m3),8186.772797890533,3199.214027233497,3982.528822775803,7084.141373573675,5608.38538746413,5998.265320850678,6148.630036522203,3295.586306769403,3035.5047915703626,3685.3933905643075,2838.7520404548513,2699.1731233221153,5580.450581008438
62,2007,ÓLEO COMBUSTÍVEL (m3),494384.407913576,1137281.8077468805,793745.8027276819,576073.7846928202,655706.7895012777,475363.71121333924,491271.4003904995,857334.151848979,491061.76224694325,484742.5208492912,1738715.8738656316,1149681.8160193253,1704752.3249837535
63,2007,ÓLEO DIESEL (m3),4742165.99524073,4015701.269224507,6156760.069947034,8807376.372487359,5586249.815426088,5697619.875877013,12928915.952292014,7431238.106565981,5333824.62558117,6441898.536157213,4617980.301592826,5363482.10606846,5993146.153539601
64,2008,ETANOL HIDRATADO (m3),1491846.428265431,1328047.1248397636,1414767.346114325,1890194.6820700723,1371631.4595857298,1167036.898279993,1584582.5077715607,2046414.2462337732,1288321.1238253552,1829087.3380533764,7808339.256632369,1959013.1576478733,1400910.1026803714
65,2008,GASOLINA C (m3),3691886.564893166,8713699.764613552,3976564.608552909,3598357.7948577204,4605459.612010318,2710812.798698024,2721856.9420136074,3546290.284857022,3149525.3652399085,2307047.8827289306,3431230.142932725,4862756.026333928,3034077.4362681885
66,2008,GASOLINA DE AVIAÇÃO (m3),9674.733589940603,11842.994068991551,10228.66875452393,6737.437688095646,6212.957764660238,8505.858063572105,7642.132194782088,9020.69980921626,6280.616318547929,16188.977058683355,10284.858201567456,7703.004435680581,11697.324051738262
67,2008,GLP (m3),1163460.189187354,1952483.9370433844,2295317.907803671,1490002.8306515769,1906861.6399123003,4153415.276068723,1945939.6260073725,1516624.5646435944,2122981.37977746,1314033.8483447605,1362407.499172535,1917670.9825633757,1377211.5543311392
68,2008,QUEROSENE DE AVIAÇÃO (m3),595771.584,502569.145,693050.244,543204.992,484738.792,665282.393,789339.3200000001,466560.024,834611.056,587253.813,571752.72,1163707.2750000001,2557157.7060000002
69,2008,QUEROSENE ILUMINANTE (m3),3850.545965010299,6316.599434573869,2408.336756057214,2739.90575188847,6216.680594221794,4339.374904125182,5298.368016445448,5168.926588416459,2923.170545559793,2268.4300621795123,2952.073945729167,1995.0045553515515,2084.9108804412513
70,2008,ÓLEO COMBUSTÍVEL (m3),1467176.0608042497,493979.374809853,998184.5552435124,811095.0878109052,560902.0714100313,622837.3985811428,439829.00710421556,440863.90643199976,828432.2729326136,443277.1085671058,440995.5195517471,1697857.4968503183,1097941.553902307
71,2008,ÓLEO DIESEL (m3),6607510.538061117,5184110.366596052,4226237.360970205,6848272.658681938,9323834.408315085,5962653.498263177,6090402.280920266,13865849.87802014,7998180.210475433,5743699.019850675,6858644.633405908,4996362.719390997,5822147.041848969
72,2009,ETANOL HIDRATADO (m3),1763737.7205038506,1890984.0859310818,1695529.6233890231,1836586.2743079027,2421814.313752193,1728881.226811317,1414154.4976162817,1978176.3637314793,2542816.535772689,1549898.6197839538,2276027.9891794026,9343156.905681139,2500132.1875396944
73,2009,GASOLINA C (m3),3104780.659866961,3766690.112269807,8464406.75751129,3953749.606440776,3705725.5397560913,4787390.329533463,2776451.672529355,2720658.822782256,3597320.1855274118,3158631.0863035433,2332535.8125950405,3463232.890333255,4986606.018550764
74,2009,GASOLINA DE AVIAÇÃO (m3),12592.263608661555,9315.632700955157,11569.048663359943,10320.431075864171,6651.365492079079,5533.337206275972,8947.880157569598,8724.012577942622,8403.337513599054,7140.685189682498,18252.568566931513,10153.979069355148,7362.080177723681
75,2009,GLP (m3),1389208.5153825472,1163611.1837386682,1917552.8159016483,2253988.2849771366,1491099.0320684102,1895877.4318231945,4071050.7541827955,1933913.482677372,1487208.2146203879,2087212.985897956,1295826.695294052,1341434.8555072418,1898385.5269140922
76,2009,QUEROSENE DE AVIAÇÃO (m3),2546059.5640000002,633909.068,497803.46900000004,734658.817,553694.997,498308.781,689886.163,843868.435,487535.51399999997,869580.0009999999,645880.645,605578.837,1250001.185
77,2009,QUEROSENE ILUMINANTE (m3),1316.225,2632.9,4443.848,1542.144,1202.95,3149.2309999999998,3392.716,4070.5420000000004,3848.4,1896.6,1539.9,2005.216,1617.874
78,2009,ÓLEO COMBUSTÍVEL (m3),880082.103,1407913.62,431050.041,1072532.653,708183.198,538718.874,580088.225,467327.421,431973.847,689797.38,679410.357,397612.913,1723255.094
79,2009,ÓLEO DIESEL (m3),5777614.03749281,6554142.121495009,5137822.323326739,4177565.4867212228,6798880.11110479,9145029.339219185,5771853.627896529,6143901.450906478,13751749.741179476,7829737.816367575,5685731.083453168,6860912.326429605,4961986.110407429
80,2010,ETANOL HIDRATADO (m3),2370275.4732621643,1275287.0473047434,1545101.415963333,1499669.6150082527,1804183.3349997704,2403234.5372321396,1534519.602799372,1335242.0152038725,1840016.7356197364,2084806.398015275,1442595.2919807853,2024311.8834858574,8989357.621124698
81,2010,GASOLINA C (m3),5918290.302,3665124.729,4344881.392,9538109.01,4757275.189,4532401.175,5653539.939,3259817.2430000002,3203080.7600000002,4248637.384,3730093.8389999997,2752428.006,4083650.9960000003
82,2010,GASOLINA DE AVIAÇÃO (m3),8705.301010326475,13575.828449963601,10216.782709630179,12714.561678142378,11727.194804468416,7204.6149785525295,6406.010255826574,10243.554882893312,9808.729369857185,8216.769024900466,7072.599167039044,20983.00761423753,12234.066054162286
83,2010,GLP (m3),1970300.9868237488,1429886.4093473067,1211005.1235432627,1982367.8481928557,2343799.224684888,1547035.673069997,1959075.394893342,4175391.741430989,1994991.5035227549,1560486.3862684045,2179402.2534073577,1353154.5681003218,1409763.8214973742
84,2010,GLP - Até P13 (m3),1078603.4075357118,893140.7086881904,1546384.2920334367,1654184.413090685,1181655.8886497081,1501963.0017774014,2626586.6943295435,1420333.7843198555,1111428.726848114,1602037.4726102587,1030533.8307814822,1078200.989975634,1488480.5683454876
85,2010,GLP - Outros (m3),481820.41847826086,351283.0018115941,317864.4148550719,435983.5561594202,689614.8115942026,365379.78442029044,457112.3931159416,1548805.047101446,574657.719202899,449057.65942028945,577364.7807971012,322620.73731884034,331562.83152173966
86,2010,QUEROSENE DE AVIAÇÃO (m3),1424623.2989999999,2877270.365,736929.54,578661.637,840314.513,650635.495,591969.938,800497.228,968906.6710000001,561709.287,995069.953,769768.225,703846.4550000001
87,2010,QUEROSENE ILUMINANTE (m3),1242.408,1536.95,2419.055,4666.8,1304.7,1168.134,3272.276,2482.941,3494.777,3792.873,1670.265,1763.755,1884.06
88,2010,ÓLEO COMBUSTÍVEL (m3),1704974.594,967538.428,1366892.06,458393.855,960087.9580000001,798859.026,525121.959,575469.894,421852.51300000004,405265.98699999996,655291.597,608252.2490000001,354967.758
89,2010,ÓLEO DIESEL (m3),5513209.071113388,6388764.523670923,7333544.050778063,5650612.400298606,4669567.81510709,7751605.580569934,10170236.727720795,6429387.641221036,6712666.937738163,15182965.411850054,8672183.037546769,6311238.783385376,7692096.504999872
90,2011,ETANOL HIDRATADO (m3),6899558.129666835,1789148.762837989,1203080.7081390806,1051131.7024640457,800290.144280902,1260235.0136961965,1827015.6592975578,1132239.9464409258,1014024.3755856024,1108156.0920389965,1385119.2514429796,948870.1015377241,1379571.1825711613
91,2011,GASOLINA C (m3),4973775.871,6832322.677,4339788.856,5280641.462,11890854.113,5579723.222,5001687.526000001,6481558.494,4106037.376,3895052.395,5020643.347,4313032.357,3267393.694
92,2011,GASOLINA DE AVIAÇÃO (m3),12869.403590178472,8036.700817302402,12481.296692252256,9785.36414756882,12833.684476725479,11286.791277026341,7450.603800918638,6646.617519174484,9711.481000505071,9957.338919363086,9566.696442997038,7304.849588835945,22827.467727152023
93,2011,GLP (m3),1453810.0159345507,2029255.724235727,1470168.123128205,1254251.0674881842,2049010.5534213558,2342054.4753499306,1610633.5380709798,2009528.0027213648,4233143.51924922,2052708.6675314032,1614201.7095315403,2242485.856630755,1373757.7394604099
94,2011,GLP - Até P13 (m3),1105697.6903774382,1519586.9992622219,1103679.280857152,921095.366815345,1592173.9175250449,1696284.116935134,1220585.046778992,1519010.0597969117,2642029.619294183,1452409.3752598467,1137798.231359395,1636439.306718746,1042856.2317732135
95,2011,GLP - Outros (m3),330896.9605857456,348107.8092527647,509659.66156770795,366488.84227105137,333155.7006728391,456836.4547368887,645770.1772553776,389940.8191905381,490435.82517083,1590923.9887231553,600298.5513295268,476402.61585330364,606046.5499120086
96,2011,QUEROSENE DE AVIAÇÃO (m3),787595.942,1647347.1690000002,3137324.917,831577.026,666634.183,914056.973,710279.737,674942.45,881874.907,1055784.025,624645.662,1090116.233,888530.83
97,2011,QUEROSENE ILUMINANTE (m3),1655.325,1301.3,1174.618,2334.35,4537.0019999999995,1167.1,1139.992,3317.5190000000002,2071.98,3414.188,3368.899,1490.141,1577.454
98,2011,ÓLEO COMBUSTÍVEL (m3),305508.364,1028400.084,666751.163,1087996.647,346902.519,781994.985,720623.923,397929.85699999996,448569.537,322483.358,318445.919,623840.021,294356.045
99,2011,ÓLEO DIESEL (m3),8046980.393938636,5788641.652262946,6812217.43413785,7825557.948466878,5919076.1038602125,5002293.893184083,8365784.410524868,10756030.223271899,6938922.391596152,7282037.112011255,15864039.266661555,9244587.178481506,6681655.157602134
100,2012,ETANOL HIDRATADO (m3),1247786.9909571086,6211102.745833367,1549117.0799529809,926574.2572617022,1064745.8728868482,946431.1270978381,1203025.476395422,1534268.6148674916,866673.2993320872,825031.4808948719,1039487.1496351343,1347213.1495628492,938903.3633222978
101,2012,GASOLINA C (m3),3727546.598,5528635.311000001,7521510.773,4885604.204,5732883.644,13079751.899999999,6505733.033,5749356.938999999,7163518.873,4385262.315,4389442.722,5802913.171,4923269.967
102,2012,GASOLINA DE AVIAÇÃO (m3),23817.166167870917,13733.718689997733,9283.20825112799,14320.591931321,10338.629660991262,13881.242378412007,12113.094512210537,7776.087179587105,7183.780645090666,10643.10386413541,11111.617444657611,10600.33330848604,7718.271966111778
103,2012,GLP (m3),1391279.2578012366,1476651.597244876,2069778.285562883,1490267.7881082161,1247860.6046193123,2039419.9808319411,2343843.583429594,1617132.0634406817,2001688.5463531986,4208831.424867341,2087340.1795280138,1633369.1790384816,2245535.074391611
104,2012,GLP - Até P13 (m3),1632838.8420926835,1046275.4440965006,1114854.5776109048,1526507.565166807,1110191.8036465074,913061.7758242047,1590843.6760314992,1687781.0622084662,1232466.5476111583,1499207.0897673876,2622195.4231017083,1458101.7882169248,1137783.9843353906
105,2012,GLP - Outros (m3),495585.19470309245,612696.2322989269,345003.8137047354,361797.0196339702,543270.7203960755,380075.9844617088,334798.82879510743,448576.30480044015,656062.5212211327,384665.5158295244,502481.4565858075,1586636.0017656328,629238.3913110886
106,2012,QUEROSENE DE AVIAÇÃO (m3),932996.838,805408.292,1820587.337,3220913.345,890222.1340000001,723128.556,975857.983,756990.181,720743.054,914032.791,1079611.373,652554.066,1090939.148
107,2012,QUEROSENE ILUMINANTE (m3),1199.2,1389.412,949.876,891.02,1839.744,3984.222,1140.6,754.196,2209.4359999999997,1543.014,3124.7019999999998,3000.3019999999997,1136.3
108,2012,ÓLEO COMBUSTÍVEL (m3),402509.967,331858.347,1086155.446,568754.554,1152659.235,325558.24199999997,743186.191,780944.6649999999,385398.877,523922.295,417620.774,460909.418,688695.7749999999
109,2012,ÓLEO DIESEL (m3),7143147.73454277,8691260.897107223,6296022.0341973975,7443078.064978724,8452500.090011528,6228178.02871592,5350326.438023614,8851362.793924792,11329360.494751962,7538389.040092738,7720156.692539122,16846211.92748554,9910733.105628645
110,2013,ETANOL HIDRATADO (m3),1127876.241,1627767.291,7128666.5649999995,1975827.793,1027521.46,1117347.2480000001,1096031.098,1425556.61,1848649.3190000001,1076840.851,1030902.2699999999,1298792.5590000001,1728146.6190000002
111,2013,GASOLINA C (m3),5175420.956,3920028.921,5764523.695,7857932.517,5186507.91,5995950.24,13365838.842,6690607.574,6007218.859,7557042.495,4658906.04,4598002.549,6074492.586
112,2013,GASOLINA DE AVIAÇÃO (m3),7833.09587093578,22482.43569845871,13923.362547676641,9130.456234486774,15918.58919184468,11483.558389650858,14159.858173790992,11992.401782379779,7521.593480087824,7414.283078739293,9834.03230605329,11677.766032274027,10497.273213621353
113,2013,GLP (m3),2312777.9609922916,1445551.3618225239,1503916.719121104,2116136.3464504485,1544085.393140101,1284905.166081376,2094757.7265499544,2410677.9528582934,1671630.5057497828,2026366.333681453,4295217.568566318,2173401.6392596704,1673543.4380455285
114,2013,GLP - Até P13 (m3),1489933.2771739126,1155946.4347826093,1661075.3188405791,1072096.4492753628,1129679.9057971009,1534805.268115942,1132517.0760869558,930305.5815217383,1613625.6123188406,1713162.873188406,1253529.1105072456,1521072.5471014497,2636009.5452898555
115,2013,GLP - Outros (m3),1659208.0232764627,683468.3620857577,517597.00326291914,651702.6421517122,373454.91254716006,374236.8133240025,581331.0783345056,411568.31705314503,354599.5845596359,481132.1142311143,697515.0796698846,418101.39524253685,505293.78658000636
116,2013,QUEROSENE DE AVIAÇÃO (m3),1042081.566,926376.807,781401.319,1819337.2809999997,3238389.3740000003,856205.881,702597.991,966507.636,731073.509,709961.0380000001,902279.639,1125179.599,648259.3659999999
117,2013,QUEROSENE ILUMINANTE (m3),821.783,917.701,1108.334,782.117,780.785,1339.212,3314.125,883.2239999999999,721.342,1924.114,1451.6109999999999,2658.238,2142.45
118,2013,ÓLEO COMBUSTÍVEL (m3),1083232.875,417264.687,399051.783,1323562.956,841117.285,1502735.864,439715.215,685297.942,982606.117,529577.402,644251.245,454598.13899999997,678081.202
119,2013,ÓLEO DIESEL (OUTROS ) (m3),6671.0380000000005,3167.741,3478.432,3274.9030000000002,2962.295,2428.33,3672.2380000000003,2795.976,3417.635,14750.605,16346.198,5017.709,4664.408
120,2013,ÓLEO DIESEL (m3),10436212.217,7413969.523,9037162.218999999,6619330.887,7815019.149999999,9055912.477,6567325.026,5608092.683,9283415.276,11865706.89,7958846.524,7906145.191,17577852.105
121,2013,ÓLEO DIESEL MARÍTIMO (m3),76539.717,63421.088,70690.371,85551.094,68760.55799999999,189856.215,63887.49,206702.978,363418.351,98521.87,78173.667,128746.293,97216.302
122,2013,ÓLEO DIESEL S-10 (m3),1108467.5389999999,1021294.741,1460507.966,1800554.264,1429328.792,1819113.645,3486575.007,1614583.117,1225792.185,1801676.703,1062922.972,1185489.352,1887725.655
123,2013,ÓLEO DIESEL S-1800 (m3),4028399.508,4293297.644,2933009.981,2045950.111,3423260.161,5700967.549,3351485.737,2881826.752,4771571.084,2063956.861,2612954.497,3926242.561,3288093.576
124,2013,ÓLEO DIESEL S-500 (m3),2800923.904,2437334.117,2469658.943,4206118.696,4297501.611,2967911.382,2827035.838,9204837.946,6674480.863,3441812.14,3205355.615,2188606.881,2534230.77
125,2014,ETANOL HIDRATADO (m3),1848591.0678682446,1211308.2295286264,1782663.5498506639,8090131.467541136,2242618.7883610106,1184287.9366002693,1219380.412679427,1217269.7801698998,1567244.2424477017,1983443.227271882,1147628.456981841,1087235.4530416585,1406427.6996576437
126,2014,GASOLINA C (m3),6521074.5600000005,5512011.045,4174095.898,6273353.325,8463224.57,5523098.555,6482348.8,13969311.554000001,7136729.934,6563152.67,8169209.484,4981692.377,4959190.8440000005
127,2014,GASOLINA DE AVIAÇÃO (m3),10124.675,7816.137,21499.468,14025.786,9494.73,15136.146999999999,11076.376999999999,13926.224,12222.231,7625.832,7097.443,10147.458,12295.130000000001
128,2014,GLP (m3),1703387.0380434776,2335058.3731884058,1461081.0434782605,1544934.117753623,2159442.3224637676,1557518.6141304346,1313893.798913043,2166415.4094202896,2422257.1431159447,1700031.9166666656,2068758.5380434776,4267159.686594207,2187986.878623188
129,2014,GLP - Até P13 (m3),1542087.3858695657,2605885.1050724676,1511319.643115942,1164110.509057972,1675538.500000001,1085602.3858695654,1162098.485507246,1564258.9130434785,1143029.4076086963,952498.0217391299,1663907.617753623,1715577.9927536228,1272157.5289855069
130,2014,GLP - Outros (m3),427874.38768115925,526671.1521739134,1661274.5815217397,676667.2355072458,539276.5289855073,659519.8731884055,375478.6576086957,382835.6322463762,595183.4094202894,414489.20652173867,361395.77717391314,502507.79166666674,706679.1503623186
131,2014,QUEROSENE DE AVIAÇÃO (m3),660791.85,1058875.0860000001,940050.329,810851.453,1806006.2780000002,3415284.0130000003,902560.052,732661.646,1018435.113,739405.653,742241.627,908225.031,1205062.167
132,2014,QUEROSENE ILUMINANTE (m3),1775.075,775.667,708.432,1027.525,543.835,455.884,1120.069,2372.075,849.207,521.337,1279.948,915.191,2223.7349999999997
133,2014,ÓLEO COMBUSTÍVEL (m3),1083729.011,1396356.0590000001,536048.497,476860.791,1636019.724,971419.1969999999,1611434.09,530416.377,844116.989,1335160.408,578033.08,800384.192,590178.723
134,2014,ÓLEO DIESEL (OUTROS ) (m3),3549.8950000000004,14253.243999999999,13691.702,4344.67,3305.37,4730.061,3481.043,2671.309,7203.197,2116.397,2314.793,2916.227,2574.648
135,2014,ÓLEO DIESEL (m3),17602465.84,10878043.617,7776648.515,9287384.954,6794070.869,8001083.953,9613041.041,6651092.125,5629223.584,9343378.308,12196248.789,8221647.203,8068906.38
136,2014,ÓLEO DIESEL MARÍTIMO (m3),371468.335,109356.182,76561.917,124365.026,91997.546,78233.391,62885.707,73969.448,79981.052,71043.56599999999,205550.36800000002,62892.600000000006,188205.652
137,2014,ÓLEO DIESEL S-10 (m3),1899909.5459999999,2429165.925,1592928.387,1740093.806,2452306.835,1653099.8,1427894.639,2135574.023,2679126.103,2093828.395,2432317.128,4838428.205,2468586.258
138,2014,ÓLEO DIESEL S-1800 (m3),292636.35099999997,104809.575,92504.24,101805.666,87651.84000000001,109736.63600000001,105592.77900000001,94260.125,100511.976,809951.11,134076.385,169513.492,92946.525
139,2014,ÓLEO DIESEL S-500 (m3),8223741.197,5656564.333,6659685.756,5031776.208,6085696.495,6973968.782,4821634.751,4027458.61,6189386.58,9317579.053000001,5766549.769,5157921.148,12348353.399999999
140,2015,ETANOL HIDRATADO (m3),2095267.908,3216282.0209999997,1478214.756,2057180.987,10182820.367999999,3003257.45,1575773.335,1833347.269,1810948.1570000001,2284664.962,2924150.109,1704281.158,1559290.53
141,2015,GASOLINA C (m3),4463249.527,5984083.157,5182368.205,3832720.068,5854713.446,7513167.396000001,5350406.677,6178313.62,12454897.229,6705334.362,6297619.3889999995,7837367.805,4620562.259
142,2015,GASOLINA DE AVIAÇÃO (m3),10283.462506125006,9147.91408640159,6086.774921432805,18171.61479923159,10720.446722482448,7481.431042033446,13163.413831195332,10445.331431511067,11835.051393468913,10103.038446752598,6419.619872851399,5810.098208162763,7787.694738351076
143,2015,GLP (m3),2175525.1775362315,1714380.5561594204,2340494.2826086953,1454387.0797101455,1522067.4528985503,2136856.3985507246,1528029.208333332,1272478.601449275,2110813.726449275,2395784.2934782654,1664451.563405797,2036475.8387681153,4146509.9764492805
144,2015,GLP - Até P13 (m3),1724250.2409420288,1268425.2735507241,1544516.8387681167,2591676.5525362305,1517972.054347827,1190033.1376811597,1693942.95289855,1093358.5054347822,1157678.2427536224,1567332.5670289854,1137513.1177536226,938684.7355072461,1661198.6938405798
145,2015,GLP - Outros (m3),449615.0326086964,671534.0525362323,396026.28985507286,491958.99999999953,1554833.4239130395,657553.123188405,524347.4184782606,646551.329710145,361028.57427536265,364389.21014492726,569523.8315217395,390516.0905797099,333793.86594202893
146,2015,QUEROSENE DE AVIAÇÃO (m3),1226357.375,645486.407,1026838.8380000001,913515.2250000001,786736.1660000001,1746238.04,3371783.5029999996,865541.85,737041.825,1023240.702,747049.448,723960.014,896363.045
147,2015,QUEROSENE ILUMINANTE (m3),1909.858,1541.432,519.706,518.668,703.115,488.829,493.673,655.2719999999999,2040.434,370.69,472.837,1011.145,822.091
148,2015,ÓLEO COMBUSTÍVEL (m3),466743.432,845784.825,1087775.818,388313.874,411175.897,1004559.318,650100.86,1591231.5760000001,465521.383,666098.976,1144105.146,454059.057,688058.8099999999
149,2015,ÓLEO DIESEL (OUTROS ) (m3),4908.974,2764.936,2211.094,2294.86,2174.996,3552.558,14993.681999999999,13642.465,3603.108,2768.545,2926.471,1998.547,1802.5520000000001
150,2015,ÓLEO DIESEL (m3),7672658.994540804,16949136.835589677,10555098.160575455,7238648.651584628,8869866.55520656,6610909.236585334,7608595.509272758,9075520.982327683,6495308.722641269,5356055.177132476,8797339.59767716,11360021.464999512,7832580.855866723
151,2015,ÓLEO DIESEL MARÍTIMO (m3),87792.241,77293.89300000001,201306.915,76803.553,191427.802,410557.17799999996,97831.95,77866.943,122881.334,94701.974,73174.8,73666.658,75354.927
152,2015,ÓLEO DIESEL S-10 (m3),2997080.651,2375123.005,2668902.552,5309089.296,2820364.108,2122575.028,2678029.754,1852035.8939999999,1921831.145,2692459.878,1867191.027,1568581.0939999998,2363152.5239999997
153,2015,ÓLEO DIESEL S-1800 (m3),69243.359,668142.447,118288.321,122665.34399999998,69224.906,200364.25900000002,74911.566,76570.01699999999,75106.739,96920.425,92049.056,92687.17199999999,82148.497
154,2015,ÓLEO DIESEL S-500 (m3),5562153.058999999,8165043.18,5139416.374,4508930.524,11327617.068,7578347.613,4913731.677,6018967.937,4586959.898,5519537.361,6210341.277,4457018.017,3638635.739
155,2016,ETANOL HIDRATADO (m3),1303004.027,1605378.838,2545378.81,1169289.279,1564459.515,8870654.733000001,2320665.774,1308103.186,1393133.0,1379436.651,1933622.085,2431200.2260000003,1347362.2280000001
156,2016,GASOLINA C (m3),4866860.294,4750177.502,6225577.836,5354658.693,4010291.212,6169963.436,7843697.6389999995,5584298.9860000005,6366257.136,13143468.608000001,7044184.212,6624391.99,8054336.212
157,2016,GASOLINA DE AVIAÇÃO (m3),7103.393,9205.052,8419.083,5997.544,16323.313999999998,9369.89,7566.262,11243.607,8904.471,10717.625,9148.392,5348.694,5144.387
158,2016,GLP (m3),4152428.6847826093,2191569.199275363,1736543.1268115933,2397209.5416666656,1440347.1594202893,1545291.835144928,2147775.088768116,1533724.7862318833,1312721.3097826082,2124593.356884058,2456272.657608693,1701168.7934782614,2055563.750000003
159,2016,GLP - Até P13 (m3),962174.0833333327,1672436.1775362322,1778269.3442028991,1293710.5307971016,1565877.2735507253,2618890.7554347864,1533938.6086956528,1197062.994565217,1694397.5289855073,1089292.6394927537,1177386.3967391306,1585701.1449275368,1141919.724637681
160,2016,GLP - Outros (m3),391805.0615942026,350547.2264492755,452157.1793478255,678003.3134057968,407458.2626811596,489686.4764492744,1533537.9293478224,657630.5905797102,539480.132246377,702812.0126811599,351054.5199275364,367905.4384057973,562073.9438405804
161,2016,QUEROSENE DE AVIAÇÃO (m3),830337.27,1133864.7,598715.463,919438.356,848336.474,699146.01,1657876.834,3159243.019,800181.059,662440.3250000001,901206.157,664100.1159999999,654605.267
162,2016,QUEROSENE ILUMINANTE (m3),968.4000000000001,1685.886,1322.7179999999998,594.489,482.94,660.366,453.373,491.923,610.655,2455.335,519.941,1011.302,741.592
163,2016,ÓLEO COMBUSTÍVEL (m3),421194.643,298806.52,452213.614,789616.851,314063.656,285124.16099999996,532924.555,470281.324,1179530.979,269676.31200000003,467864.665,861313.337,322513.767
164,2016,ÓLEO DIESEL (OUTROS ) (m3),3173.422,3236.496,2616.9829999999997,2171.511,3207.642,1622.602,3777.544,1823.777,1727.824,1952.783,2866.302,13863.636,10678.13
165,2016,ÓLEO DIESEL (m3),7265700.970000001,6962022.885,16278351.854,10260292.012,7087532.707,8687850.233,6248438.753,7360027.248000001,8180101.034999999,6062069.36,5124860.442,8204973.4629999995,10834919.184
166,2016,ÓLEO DIESEL MARÍTIMO (m3),118421.98999999999,88467.65299999999,72295.456,57875.053,63910.964,69332.2,61973.839,189416.128,56746.371,168813.636,326369.694,93867.856,73344.418
167,2016,ÓLEO DIESEL S-10 (m3),2091980.039,2925779.779,1960352.049,1693189.932,2556368.507,3206572.96,2516864.432,2765328.6640000003,5675253.077,3047483.913,2326244.129,2891013.381,1994125.668
168,2016,ÓLEO DIESEL S-1800 (m3),40230.715,53253.298,62563.89,45575.994,53325.915,51997.947,472954.33599999995,52909.221,107481.26999999999,46704.093,52386.429,49490.89,44021.896
169,2016,ÓLEO DIESEL S-500 (m3),4126592.82,5144400.624,5143211.696,3975281.652,3315874.947,4984506.6680000005,7516737.849,4469675.33,3809756.798,10446166.362,7086799.369,4595608.196,5665521.501
170,2017,ETANOL HIDRATADO (m3),1207607.7400000002,1220313.5159999998,1542612.346,2589850.27,1218989.337,1650878.1700000002,8179217.389,1972634.7820000001,1081200.886,1251177.004,1234797.4170000001,1862958.699,2271311.066
171,2017,GASOLINA C (m3),8328824.287,5008771.1959999995,4899317.703,6483222.393,5596346.853,4140964.091,6280407.924,7950955.949999999,5517347.669,6130301.487000001,13665641.967,7414386.219,6882576.287
172,2017,GASOLINA DE AVIAÇÃO (m3),4824.152,6018.449,8446.866,8071.3,5381.197,14661.232,8999.486,6618.37,9909.033,7903.6810000000005,9499.190999999999,7572.629,4816.6720000000005
173,2017,GLP (m3),2060009.3281288757,4114811.706349501,2189470.2893165266,1732322.0441581397,2393121.927070594,1442410.2314518748,1562989.405371439,2179387.864523601,1546210.323300619,1302901.1896626344,2122130.084907625,2395653.34194428,1736075.0572925569
174,2017,GLP - Até P13 (m3),1611043.3315217386,1157873.757246378,959783.7210144927,1681453.0597826084,1734046.0072463774,1323282.7210144924,1583894.0706521734,2627224.6938405796,1529934.954710146,1202940.402173912,1719985.3423913042,1099396.9999999998,1192466.1050724636
175,2017,GLP - Outros (m3),370523.30029897427,568344.5330018604,388336.56605424156,343117.4686481422,440677.0251250153,661607.3346979017,412792.33627806423,476115.2574767018,1487587.0125089204,659535.334606382,529381.6419842271,673136.58467929,343013.2314518745
176,2017,QUEROSENE DE AVIAÇÃO (m3),638383.908,859906.35,1055176.197,596854.341,902665.862,842539.537,697727.2139999999,1589429.1300000001,3174103.113,798107.257,655445.524,913917.5819999999,664104.721
177,2017,QUEROSENE ILUMINANTE (m3),777.347,585.621,1712.3249999999998,1245.231,500.658,469.161,586.624,407.578,380.04999999999995,627.362,2150.717,518.798,813.044
178,2017,ÓLEO COMBUSTÍVEL (m3),336852.412,412231.243,283561.695,525877.613,778294.323,275661.678,262890.50299999997,626007.1950000001,410651.396,1204813.134,306771.619,450487.559,894993.3559999999
179,2017,ÓLEO DIESEL (OUTROS ) (m3),2466.61,2192.4139999999998,2604.499,14017.527,9763.418,2863.744,2628.406,1910.2269999999999,1204.105,2315.368,1357.442,3209.5860000000002,1806.78
180,2017,ÓLEO DIESEL (m3),11000475.655087901,7381160.381024858,6707878.153497621,16469144.143299827,10437676.739452228,7068666.674303683,8774479.15656789,6069412.977590747,7453547.229856999,8461748.951028578,6161372.974053276,5162766.413587684,8396255.520648671
181,2017,ÓLEO DIESEL MARÍTIMO (m3),51189.14039524243,168152.36496166035,246544.43528720894,96924.2045571516,72680.16365876263,110980.44835507026,90841.83590052229,70758.6423468415,55242.73775247466,54488.81965985535,75090.06138903352,54948.376661133065,188592.1250750439
182,2017,ÓLEO DIESEL S-10 (m3),6215491.501822803,3369617.777579311,2539707.8807532876,3156850.1307016616,2123654.4109831476,2342075.068932559,3446015.66335389,2165283.694642798,1863616.1536111184,2868220.30707543,3594022.0354909343,2742616.625375119,2870538.299677937
183,2017,ÓLEO DIESEL S-1800 (m3),34385.029,13052.985,26178.03,35181.034,42479.883,43243.314,55305.517,65394.95,41734.351,41262.364,56952.529,444646.192,24875.354
184,2017,ÓLEO DIESEL S-500 (m3),3563724.9065324715,10120786.988919891,6957334.020214157,4372870.056195327,5481633.648965713,3818490.3022607616,4988519.1051719645,4918152.675014823,3876527.506021443,3185442.5743154315,4892330.286498196,7328196.711201728,4433402.100688088
185,2018,ETANOL HIDRATADO (m3),3293643.012,1902705.938,1802459.442,2280427.781,4049675.502,1821330.71,2455378.9760000003,10741001.756,2907883.958,1555281.8390000002,1763052.256,1733606.725,2462990.451
186,2018,GASOLINA C (m3),6288624.333,7752470.172,4487802.673,4245088.473,5498570.981000001,4800659.966,3566917.2939999998,5521164.024,6506599.541,5006124.002,5206801.807,11324971.879,6497763.379000001
187,2018,GASOLINA DE AVIAÇÃO (m3),4902.213,4271.638,5977.245,8030.201,7624.076,4641.036,13244.517,8793.095,6189.135,9014.007,7882.758999999999,8915.573,7436.833
188,2018,GLP (m3),1694645.3967391308,2048522.3260869598,4096554.3985507293,2192794.9094202896,1714446.1992753618,2347282.3097826084,1456638.1159420295,1518106.2409420286,2151766.8442028975,1522167.6249999995,1288880.7989130425,2119160.8858695645,2362806.28623188
189,2018,GLP - Até P13 (m3),1096360.3478260871,1156184.6250000002,1588306.976449275,1133479.3496376816,943694.867753623,1678050.8369565222,1689359.3115942024,1294156.3985507241,1574143.061594203,2622763.1612318875,1515426.266304347,1178347.9528985503,1687820.1521739124
190,2018,GLP - Outros (m3),659462.157608696,360277.7681159419,361921.61594202864,563459.8677536229,388688.2753623189,345185.93115942075,441110.0489130429,673446.9746376807,400488.9981884057,474379.2644927539,1473791.2373188415,677368.6431159411,536098.2463768116
191,2018,QUEROSENE DE AVIAÇÃO (m3),711281.98,695672.003,935673.604,1129765.378,632832.84,963654.078,880676.852,749655.259,1596955.608,3517840.305,830510.672,690864.186,993031.539
192,2018,QUEROSENE ILUMINANTE (m3),646.7,704.572,623.654,1693.436,1203.5320000000002,514.896,422.51300000000003,472.302,376.36199999999997,554.602,547.337,2312.405,542.2429999999999
193,2018,ÓLEO COMBUSTÍVEL (m3),772214.714,229927.345,230351.524,162115.41700000002,345184.773,463256.045,194443.96,180064.58,433924.755,338274.597,667071.13,212456.935,401861.82700000005
194,2018,ÓLEO DIESEL (OUTROS ) (m3),1671.844,2646.387,2579.608,1343.597,1385.0,2048.016,1389.235,3404.0,13817.271,10308.478,2727.748,2577.995,2812.565
195,2018,ÓLEO DIESEL (m3),8576654.848,11021578.326,7700854.152,6706631.118,16724393.301,10740322.937,7042946.541999999,8881384.355,6339556.655,7517469.075,8496631.277,6315874.636,5194637.1219999995
196,2018,ÓLEO DIESEL MARÍTIMO (m3),56813.231,59479.131,54281.896,52231.588,190215.143,51560.684,180494.885,221896.207,83796.63,72133.27,107459.419,94738.557,62525.083
197,2018,ÓLEO DIESEL S-10 (m3),2056670.73,3213929.1240000003,3965441.548,3060149.691,3071051.162,6869078.275,3821577.046,2796591.8279999997,3502758.037,2403447.41,2614415.586,3814904.8819999998,2418038.299
198,2018,ÓLEO DIESEL S-1800 (m3),3283.388,161.709,748.73,288938.238,35977.41,35262.803,43472.695,47301.547,22661.356,39293.808,42246.852,27656.741,5782.1990000000005
199,2018,ÓLEO DIESEL S-500 (m3),3842050.143,3083601.548,4881524.737,6967214.988,4421544.4399999995,3356396.194,9713908.632,6821195.056,4097024.151,5238796.2809999995,3844255.577,4837811.821,4616384.268
200,2019,ETANOL HIDRATADO (m3),2984883.943,3748832.0209999997,2119356.7,1941816.454,2554179.768,4898875.024999999,2025052.011,2677238.788,12595236.706,3502937.4110000003,1953186.133,2010974.6130000001,2075530.617
201,2019,GASOLINA C (m3),6379820.913000001,6330975.847,7689210.856000001,4459519.163,4201346.122,5416047.694,4977203.926,3649427.607,5634142.371,6394162.277000001,5128409.571,5232595.279,10837211.914
202,2019,GASOLINA DE AVIAÇÃO (m3),6304.42,4119.649,4032.946,4807.244,8104.084,7177.552,4456.136,12632.695,7911.777999999999,5121.146,7726.019,6088.325,7809.266
203,2019,GLP (m3),2351013.8532608706,1683579.3007246368,2027796.6086956519,4076591.429347821,2194622.54347826,1718811.3768115938,2302360.2590579707,1450813.016304348,1532261.7336956528,2140337.65942029,1541262.9528985517,1282267.8224637678,2116117.6612318833
204,2019,GLP - Até P13 (m3),1169211.143115941,1667507.8641304346,1092510.7989130435,1163020.8532608694,1571684.706521739,1142066.2047101445,945558.0942028976,1680126.3061594197,1676245.7445652175,1279992.2518115933,1556152.9619565217,2597073.4999999977,1512042.9836956526
205,2019,GLP - Outros (m3),682579.5597826084,549600.2336956522,634852.3949275357,358302.21739130403,369240.8804347825,568652.9528985501,399196.7481884057,336709.72826086974,435991.3550724635,674768.1086956522,403587.0489130432,471643.64673913026,1479517.9293478243
206,2019,QUEROSENE DE AVIAÇÃO (m3),985720.687,674979.345,663242.84,921179.521,1070774.834,606931.4,930305.073,867721.5640000001,743929.003,1471784.5219999999,3554957.764,799696.5360000001,669669.703
207,2019,QUEROSENE ILUMINANTE (m3),428.063,576.89,632.748,463.43899999999996,1440.939,1104.118,363.909,421.709,317.487,410.23199999999997,327.77,476.54999999999995,1915.9180000000001
208,2019,ÓLEO COMBUSTÍVEL (m3),270204.732,620326.074,156605.361,184726.85,139211.902,249077.68,275361.082,174605.19,193905.429,328448.148,318106.53,717712.602,152930.546
209,2019,ÓLEO DIESEL (OUTROS ) (m3),12365.5,10895.0,2042.69,2402.372,2093.361,1399.0,2969.361,1444.0,1388.909,1313.0,1278.0,1886.0,3108.909
210,2019,ÓLEO DIESEL (m3),5364590.865,8531286.156,11610479.359,8062470.2809999995,6864488.5649999995,17115548.415,11048599.6,7453472.216,8906029.857,6476897.847999999,7927947.544,8751050.417,6484034.325
211,2019,ÓLEO DIESEL MARÍTIMO (m3),90251.89199999999,79232.158,110141.383,94736.536,80906.349,68137.961,70189.756,82634.62999999999,65149.505,217376.179,63078.286,222519.409,287415.14200000005
212,2019,ÓLEO DIESEL S-10 (m3),4195851.381,2901848.565,3600841.498,4551066.775,3025818.414,2543149.42,3946174.3819999998,5062520.634000001,3849672.684,3573244.444,8314900.8610000005,4809724.832,3581741.288
213,2019,ÓLEO DIESEL S-1800 (m3),200.0,14920.753,21974.311,14398.201,17524.964,24541.345,22030.579,5500.374,116087.552,584.8240000000001,103.201,191.0,195.0
214,2019,ÓLEO DIESEL S-500 (m3),3744266.42,4591374.268,3478345.733,4238473.76,4103808.541,3352161.793,2749478.566,4250370.043,6482409.615,3987066.078,2991272.4790000003,8699305.662,6157399.92
215,2020,ETANOL HIDRATADO (m3),1267096.156,1911556.628,2541007.057,1410202.0720000002,1311979.749,1686922.051,2362613.256,631479.372,943611.534,7883498.013,2508435.454,1650366.139,1382377.4610000001
216,2020,GASOLINA C (m3),6687484.479,4321369.1790000005,4321529.564,5278414.314,3173367.108,3114612.064,3907340.726,3463238.107,2518120.787,3948562.312,4098265.033,3138473.255,3026043.584
217,2020,GASOLINA DE AVIAÇÃO (m3),5266.267,4414.916,2868.025,2643.194,2965.999,4984.585,4734.813,2606.083,7717.067999999999,5118.082,3334.3089999999997,4414.421,4081.696
218,2020,GLP (m3),1675482.1612318836,1629642.5724637678,1097225.9384057978,1374178.09057971,3064847.0344202886,1761146.1105072473,1421943.0942028982,1880712.8623188399,1232517.4184782617,1279704.5507246372,1747376.2047101452,1234468.286231884,1002148.8568840579
219,2020,GLP - Até P13 (m3),2049277.8514492742,1239406.4347826089,980645.3876811594,1385225.1105072466,956197.9945652175,995758.418478261,1294149.476449275,920971.393115942,729253.413043478,1327972.5163043481,1204872.3586956519,884604.532608695,1125406.039855073
220,2020,GLP - Outros (m3),248772.05072463801,1015569.1829710145,521649.57246376853,441297.7065217396,495396.85507246386,276319.42391304363,283946.1811594203,453226.86050724576,313496.8931159418,272895.4438405796,347510.2572463772,424770.2137681161,212621.40579710144
221,2020,QUEROSENE DE AVIAÇÃO (m3),413569.928,418625.849,176114.724,184893.26,302790.161,358052.623,238020.484,361719.786,194298.08,151246.281,395951.21099999995,1396591.332,491430.717
222,2020,QUEROSENE ILUMINANTE (m3),1466.4,342.8,364.796,353.996,215.2,980.1,772.6,423.1,264.9,385.2,127.3,158.0,363.4
223,2020,ÓLEO COMBUSTÍVEL (m3),104155.347,172496.963,519698.056,170311.376,182967.64299999998,131978.184,136213.921,174937.743,95380.466,74858.623,134108.376,146470.686,550435.396
224,2020,ÓLEO DIESEL (OUTROS ) (m3),1671.0,1800.0,968.0,310.0,345.0,6725.485,7515.0,2108.0,1639.4,1218.4850000000001,839.0,1293.0,1871.4
225,2020,ÓLEO DIESEL (m3),4980544.299,3848504.8200000003,6194815.598,7975737.944,5244596.58,4156285.934,12257301.291000001,8560317.991999999,5710410.209000001,6831181.527000001,5191224.045,6579181.414,7173481.555
226,2020,ÓLEO DIESEL MARÍTIMO (m3),35498.084,158248.289,28316.065,159359.792,209706.776,81027.254,69485.807,96426.73300000001,81468.726,64483.409,57853.86,55169.971000000005,68857.43
227,2020,ÓLEO DIESEL S-10 (m3),2732487.327,2230959.018,6445824.244,4190097.551,3060374.739,3502694.415,2509258.819,3308729.74,3967276.432,2588316.213,2031456.614,3250918.496,3851599.968
228,2020,ÓLEO DIESEL S-1800 (m3),37987.42,1901.987,1050.0,1328.4650000000001,8397.991,5753.707,9403.377,15144.893,0.0,5148.0,2677.0,567.0,707.0
229,2020,ÓLEO DIESEL S-500 (m3),4093609.924,2351354.461,1707566.19,5714536.801999999,4292872.927,2542565.96,3230655.008,2616642.817,3206156.8140000002,3146486.752,2321132.656,1779043.122,2746693.393
